Workbook

Sheet Raw Data
A1: Language | B1: Language_Type | C1: Condition | D1: TTFT_ms | E1: TFF | F1: LHI | G1: PFS
A2: Persian | B2: Non-agglutinative | C2: Cloud | D2: 310 | E2: 2.1 | F2: 0.72 | G2: 3.2
A3: Persian | B3: Non-agglutinative | C3: Edge | D3: 95 | E3: 1.4 | F3: 0.31 | G3: 4.5
A4: Azerbaijani | B4: Agglutinative | C4: Cloud | D4: 480 | E4: 3.8 | F4: 0.81 | G4: 2.8
A5: Azerbaijani | B5: Agglutinative | C5: Edge | D5: 142 | E5: 1.9 | F5: 0.38 | G5: 4.2
A6: Turkish | B6: Agglutinative | C6: Cloud | D6: 510 | E6: 3.5 | F6: 0.78 | G6: 3
A7: Turkish | B7: Agglutinative | C7: Edge | D7: 128 | E7: 1.7 | F7: 0.34 | G7: 4.4
A8: Russian | B8: Non-agglutinative | C8: Cloud | D8: 400 | E8: 2.4 | F8: 0.65 | G8: 3.5
A9: Russian | B9: Non-agglutinative | C9: Edge | D9: 105 | E9: 1.5 | F9: 0.39 | G9: 4.1
A10: English | B10: Non-agglutinative | C10: Cloud | D10: 460 | E10: 1.1 | F10: 0.21 | G10: 4.8
A11: English | B11: Non-agglutinative | C11: Edge | D11: 121 | E11: 1.1 | F11: 0.25 | G11: 4.6

Sheet Paired Comparison & Delta Summa
A1: Record_Type | B1: Language | C1: Language_Type | D1: Delta TTFT (Cloud - Edge) | E1: % Reduction TTFT | F1: Delta TFF | G1: Delta LHI | H1: Delta PFS | I1: Metric | J1: Mean | K1: SD | L1: t-statistic | M1: p-value | N1: Cohen's dz
A2: Paired Delta | B2: Persian | C2: Non-agglutinative | D2: ='Raw Data'!D2-'Raw Data'!D3 | E2: =('Raw Data'!D2-'Raw Data'!D3)/'Raw Data'!D2 | F2: ='Raw Data'!E2-'Raw Data'!E3 | G2: ='Raw Data'!F2-'Raw Data'!F3 | H2: ='Raw Data'!G2-'Raw Data'!G3
A3: Paired Delta | B3: Azerbaijani | C3: Agglutinative | D3: ='Raw Data'!D4-'Raw Data'!D5 | E3: =('Raw Data'!D4-'Raw Data'!D5)/'Raw Data'!D4 | F3: ='Raw Data'!E4-'Raw Data'!E5 | G3: ='Raw Data'!F4-'Raw Data'!F5 | H3: ='Raw Data'!G4-'Raw Data'!G5
A4: Paired Delta | B4: Turkish | C4: Agglutinative | D4: ='Raw Data'!D6-'Raw Data'!D7 | E4: =('Raw Data'!D6-'Raw Data'!D7)/'Raw Data'!D6 | F4: ='Raw Data'!E6-'Raw Data'!E7 | G4: ='Raw Data'!F6-'Raw Data'!F7 | H4: ='Raw Data'!G6-'Raw Data'!G7
A5: Paired Delta | B5: Russian | C5: Non-agglutinative | D5: ='Raw Data'!D8-'Raw Data'!D9 | E5: =('Raw Data'!D8-'Raw Data'!D9)/'Raw Data'!D8 | F5: ='Raw Data'!E8-'Raw Data'!E9 | G5: ='Raw Data'!F8-'Raw Data'!F9 | H5: ='Raw Data'!G8-'Raw Data'!G9
A6: Paired Delta | B6: English | C6: Non-agglutinative | D6: =460-121 | E6: =(460-121)/460 | F6: =1.1-1.1 | G6: =0.21-0.25 | H6: =4.8-4.6
A7: Inferential Summary | I7: TTFT_ms | J7: 313.8 | K7: 79.183332 | L7: 11.099085 | M7: 0.00037485035 | N7: 4.9636616
A8: Inferential Summary | I8: TFF | J8: 1.06 | K8: 1.094075 | L8: 2.979127 | M8: 0.040774083 | N8: 1.3323061
A9: Inferential Summary | I9: LHI | J9: 0.3 | K9: 0.24480605 | L9: 3.2949133 | M9: 0.030076519 | N9: 1.47353
A10: Inferential Summary | I10: PFS | J10: -0.9 | K10: 0.79246451 | L10: -2.8749445 | M10: 0.045242718 | N10: -1.2857143
